,Nama Nasabah
Sari,2
mega,2
Yudi,2
Fajar,2
Arif,2
budi,2
yudus,1
caca,1
fahmi,1
dwi,1
yul,1
Siti,1
luna,1
almi,1
pipit,1
Lula,1
rudiman,1
lisa,1
pina,1
Juko,1
puput,1
putra,1
Agas,1
gus,1
kasah,1
dirga,1
araf,1
ima,1
cicha,1
Rio,1
Fitri,1
tono,1
lulu,1
aqila,1
cimma,1
salni,1
sari,1
sila,1
awwa,1
susi,1
aman,1
pirga,1
suson,1
ammu,1
sera,1
yudha,1
doni,1
orim,1
cimmi,1
anisa,1
yayah,1
Budi,1
fitri,1
ridman,1
fahtur,1
cisa,1
armi,1
sarni,1
isna,1
wuwull,1
wandi,1
sarah,1
amma,1
Firman,1
Lina,1
Linda,1
Rina_10,1
Fajru,1
Rudi,1
Joko,1
Ayu,1
dodo,1
tina,1
tini,1
ceca,1
rusman,1
kasmun,1
asa,1
ica,1
nuni,1
nani,1
bidna,1
abi,1
rash,1
putna,1
anila,1
rio,1
lana,1
diru,1
fitya,1
dadi,1
anita,1
arif,1
Dewi,1
